aircraft,wait_time,service_time
Plane 1,16.67550786166874,16.67550786166874
Plane 0,24.360701835938503,24.360701835938503
Plane 2,46.64210762383024,29.966599762161497
Plane 3,55.801123050170986,31.440421214232487
Plane 4,71.74180233044646,25.099694706616226
Plane 5,75.19687252014076,19.395749469969772
Plane 6,92.3048928453316,20.563090514885136
